{
  "name": "The Hollowverse",
  "id": "56394045|undefined",
  "type": "custom",
  "source": "google_analytics",
  "dataByBrowser": {
    "ie": {
      "6": 0.0002026833861543128,
      "7": 0.003009848284391545,
      "8": 0.014613472141725953,
      "9": 0.08991035009805315,
      "10": 0.09260603913390551,
      "11": 1.809516734908474
    },
    "edge": {
      "12": 0.016599769326038218,
      "13": 0.11989735707958374,
      "14": 1.2430166706071695,
      "15": 0.7141346427761057,
      "16": 0.13680115148485342,
      "17": 0
    },
    "firefox": {
      "2": 0,
      "3": 0.0002026833861543128,
      "4": 0.0001013416930771564,
      "5": 0.0004965742960780663,
      "6": 0.0001013416930771564,
      "7": 0,
      "8": 0.0002026833861543128,
      "9": 0.0003040250792314692,
      "10": 0.0003040250792314692,
      "11": 0.00039523260300091,
      "12": 0.002503139819005763,
      "13": 0.0001013416930771564,
      "14": 0.0009120752376944076,
      "15": 0.0001013416930771564,
      "16": 0.002705823205160076,
      "17": 0.000506708465385782,
      "18": 0.0003040250792314692,
      "19": 0.0003040250792314692,
      "20": 0.01480602135857255,
      "21": 0.000506708465385782,
      "22": 0.0004053667723086256,
      "23": 0.0010032827614638482,
      "24": 0.0014998570575419146,
      "25": 0.0002026833861543128,
      "26": 0.000506708465385782,
      "27": 0.0006992576822323792,
      "28": 0.0014998570575419146,
      "29": 0.001601198750619071,
      "30": 0.0021079072160048533,
      "31": 0.008705251435327735,
      "32": 0.0019052238298505402,
      "33": 0.0012059661476181611,
      "34": 0.0020166996922354125,
      "35": 0.011309732947410655,
      "36": 0.015110046437804019,
      "37": 0.0026044815120829195,
      "38": 0.012008990629643033,
      "39": 0.013508847687184947,
      "40": 0.025203679068288794,
      "41": 0.009708534196791583,
      "42": 0.002807164898237232,
      "43": 0.00832015300163454,
      "44": 0.0044995711726257435,
      "45": 0.03740521891477843,
      "46": 0.006121038261860247,
      "47": 0.04920139198895943,
      "48": 0.060987430893832725,
      "49": 0.01410676367634017,
      "50": 0.2937997023999841,
      "51": 0.5071949055125523,
      "52": 0.37689989072325236,
      "53": 0.3224996698794348,
      "54": 0.33600851756661976,
      "55": 0.23250824642691992,
      "56": 0.28559102526073443,
      "57": 0.3416127131937865,
      "58": 0.0263083035228298,
      "59": 0.0001013416930771564,
      "60": 0,
      "3.5": 0.000901941068386692,
      "3.6": 0.001408649533772474
    },
    "chrome": {
      "4": 0,
      "5": 0.0001013416930771564,
      "6": 0,
      "7": 0.0002026833861543128,
      "8": 0.0002026833861543128,
      "9": 0,
      "10": 0,
      "11": 0.0062021116163219715,
      "12": 0.0007093918515400948,
      "13": 0.0004053667723086256,
      "14": 0.0003040250792314692,
      "15": 0.00230045643285145,
      "16": 0.0002026833861543128,
      "17": 0.0003040250792314692,
      "18": 0.00850256804917342,
      "19": 0.0003040250792314692,
      "20": 0.0010032827614638482,
      "21": 0.0015099912268496305,
      "22": 0.0008107335446172511,
      "23": 0.0004053667723086256,
      "24": 0.002807164898237232,
      "25": 0.00411447273893255,
      "26": 0.0007093918515400948,
      "27": 0.0011147586238487203,
      "28": 0.0002026833861543128,
      "29": 0.0011147586238487203,
      "30": 0.0011147586238487203,
      "31": 0.004215814432009707,
      "32": 0.0012161003169258767,
      "33": 0.017025404436962276,
      "34": 0.0038205818290087965,
      "35": 0.0021079072160048533,
      "36": 0.006313587478706844,
      "37": 0.009627460842329858,
      "38": 0.005918354875705934,
      "39": 0.01022537683148508,
      "40": 0.004712388728087773,
      "41": 0.07359433751263098,
      "42": 0.2223031379340503,
      "43": 0.032459744292613196,
      "44": 0.010326718524562236,
      "45": 0.012323149878182216,
      "46": 0.017045672775577708,
      "47": 0.04131700826755666,
      "48": 0.02017713109166184,
      "49": 0.41041358862386795,
      "50": 0.14952966813534424,
      "51": 0.05985240393136857,
      "52": 0.40420134283823833,
      "53": 0.06515257447930385,
      "54": 0.16195415970660362,
      "55": 3.1725929093041505,
      "56": 3.5435035059665427,
      "57": 1.9459530562982492,
      "58": 2.787423536425802,
      "59": 1.8290756816723648,
      "60": 2.0161119104155647,
      "61": 1.852272795217726,
      "62": 1.326289139808669,
      "63": 0.8103687145221734,
      "64": 0.00292877492992982,
      "65": 0.0009120752376944076,
      "66": 0
    },
    "safari": {
      "4": 0.0012059661476181611,
      "5": 0.019812300996584077,
      "6": 0.0018140163060810994,
      "7": 0.023004564328514502,
      "8": 0.11310746364341426,
      "9": 0.18031727449218438,
      "10": 0.8748220313192449,
      "11": 0.35021662293603706,
      "3.1": 0,
      "3.2": 0,
      "5.1": 0.019001567451966822,
      "6.1": 0.02560904584059742,
      "7.1": 0.0018950896605428244,
      "9.1": 0.5833329195214199,
      "10.1": 0.8663194632700714,
      "TP": 0
    },
    "opera": {
      "15": 0,
      "16": 0,
      "17": 0,
      "18": 0.0004965742960780663,
      "19": 0,
      "20": 0,
      "21": 0,
      "22": 0,
      "23": 0,
      "24": 0.0031010558081609857,
      "25": 0.0001013416930771564,
      "26": 0.0002026833861543128,
      "27": 0,
      "28": 0.0002026833861543128,
      "29": 0.0001013416930771564,
      "30": 0.0001013416930771564,
      "31": 0.0001013416930771564,
      "32": 0,
      "33": 0.0001013416930771564,
      "34": 0.0006992576822323792,
      "35": 0.0005979159891552228,
      "36": 0.010610475265178275,
      "37": 0.0008005993753095355,
      "38": 0.0003040250792314692,
      "39": 0.001297173671387602,
      "40": 0.0001013416930771564,
      "41": 0.00411447273893255,
      "42": 0.03471966404823378,
      "43": 0.08322179835496082,
      "44": 0.01162389219594984,
      "45": 0.07879316636748909,
      "46": 0.02512260571382707,
      "47": 0.03982728537932246,
      "48": 0.025527972486135694,
      "49": 0.01870767654204307,
      "50": 0.0003040250792314692,
      "10.0-10.1": 0,
      "11.5": 0.0001013416930771564,
      "12.1": 0.005614329796474464
    },
    "ios_saf": {
      "8": 0.036503277846391735,
      "3.2": 0.0021991147397742937,
      "4.0-4.1": 0.0002026833861543128,
      "4.2-4.3": 0.009009276514559203,
      "5.0-5.1": 0.037881524872241064,
      "6.0-6.1": 0.09532199650837331,
      "7.0-7.1": 0.366542769690767,
      "8.1-8.4": 0.6641427855811445,
      "9.0-9.2": 0.875673301541093,
      "9.3": 2.6097918168001626,
      "10.0-10.2": 16.79602764885144,
      "10.3": 13.266418089005775,
      "11.0-11.2": 4.437114287182293
    },
    "op_mini": { "all": 0.9732856203130101 },
    "android": {
      "3": 0.001094490285233289,
      "4": 0.02559891167128971,
      "62": 0.7368149136867733,
      "2.1": 0.0008005993753095355,
      "2.2": 0.002807164898237232,
      "2.3": 0.0607138083225244,
      "4.1": 0.09500783725983412,
      "4.2-4.3": 0.13331499724299925,
      "4.4": 0.171206656284548,
      "4.4.3-4.4.4": 0
    },
    "bb": { "7": 0.011816441412796436, "10": 0.05570752868451287 },
    "op_mob": {
      "12": 0.038915210141628055,
      "37": 0.038915210141628055,
      "12.1": 0.038915210141628055
    },
    "and_chr": { "62": 23.878960724722823 },
    "and_ff": { "57": 0.21989120563881392 },
    "ie_mob": { "10": 0, "11": 0 },
    "and_uc": { "11.4": 0.48900407160520276 },
    "samsung": { "4": 0, "5": 0, "6.2": 0 },
    "and_qq": { "1.2": 0 },
    "baidu": { "7.12": 0 }
  },
  "meta": { "start_date": "2017-01-01", "end_date": "2018-01-05" },
  "uid": "custom.56394045|undefined"
}
